sudo	todd_miller	sudo
sudo	sudo_project	sudo
libc6	gnu	glibc
glibc	gnu	glibc
libc6-*	gnu	glibc
bash	gnu	bash
coreutils	gnu	coreutils
util-linux	andries_brouwer	util-linux
util-linux	kernel	util-linux
policykit-1	polkit_project	polkit
polkitd	polkit_project	polkit
polkit	polkit_project	polkit
snapd	canonical	snapd
apport	canonical	apport
python-apport	canonical	apport
dbus	freedesktop	libdbus
dbus-daemon	freedesktop	libdbus
libdbus-1-*	freedesktop	libdbus
openssl	openssl	openssl
libssl*	openssl	openssl
libcrypto*	openssl	openssl
perl	perl	perl
perl-base	perl	perl
perl-*	perl	perl
python3*	python	python
python2*	python	python
python-*	python	python
rpm	rpm	rpm
rpm-libs	rpm	rpm
xen*	xen	xen
qemu*	qemu	qemu
openldap	openldap	openldap
slapd	openldap	openldap
libldap*	openldap	openldap
postgresql	postgresql	postgresql
postgresql-*	postgresql	postgresql
postgresql-*	debian	postgresql-common
samba	samba	samba
smbd	samba	samba
samba-common	samba	samba
rsync	samba	rsync
cifs-utils	samba	cifs-utils
zlib1g	zlib	zlib
zlib	zlib	zlib
libexpat1	libexpat_project	libexpat
expat	libexpat_project	libexpat
libxml2	xmlsoft	libxml2
libxml2-*	xmlsoft	libxml2
libssh*	libssh	libssh
sqlite3	sqlite	sqlite
libsqlite3*	sqlite	sqlite
systemd	systemd_project	systemd
systemd-*	systemd_project	systemd
cups*	apple	cups
cups*	linuxfoundation	cups-filters
apache2	apache	http_server
httpd	apache	http_server
tomcat*	apache	tomcat
nginx*	nginx	nginx
nginx*	f5	nginx
firefox	mozilla	firefox
firefox-*	mozilla	firefox
thunderbird	mozilla	thunderbird
curl	haxx	curl
libcurl*	haxx	libcurl
libcurl*	haxx	curl
wget	gnu	wget
tar	gnu	tar
gawk	gnu	gawk
findutils	gnu	findutils
screen	gnu	screen
screen	juergen	weigert_screen
tmux	nicholas_marriott	tmux
procps	procps-ng_project	procps-ng
procps-ng	procps-ng_project	procps-ng
openssh*	openbsd	openssh
openssh-server	openbsd	openssh
openssh-client	openbsd	openssh
bind9*	isc	bind
bind	isc	bind
krb5-*	eyrie	pam-krb5
libpam-krb5	eyrie	pam-krb5
shadow	shadow_project	shadow
shadow	suse	shadow
login	shadow_project	shadow
passwd	shadow_project	shadow
exim4*	exim	exim
exim4*	university_of_cambridge	exim
postfix	postfix	postfix
sendmail*	sendmail	sendmail
sendmail*	eric_allman	sendmail
dovecot*	dovecot	dovecot
proftpd*	proftpd	proftpd
proftpd*	proftpd_project	proftpd
pure-ftpd*	pureftpd	pure-ftpd
lighttpd	lighttpd	lighttpd
php*	php	php
expect	don_libes	expect
policycoreutils	redhat	policycoreutils
language-selector*	ubuntu	language-selector
